day,tx_count,unique_users,notional_in_stroops,notional_in_usd,routed_dex_volume_stroops,routed_dex_volume_usd,routed_leg_count,routed_priced_leg_count,routed_pricing_coverage,round_trip_count,round_trip_gross_surplus_usd,xlm_usd,split_swap_count,success_count,failed_count
2026-07-13,25,3,11832140279,216.383815,0,1211.749364,0,140,1.000000,25,0.168631,0.18287800,14,25,0
2026-07-14,9,6,8984173183,163.221763,0,1033.737833,0,57,1.000000,9,0.140616,0.18167700,5,9,0
2026-07-15,60,9,23026122926,427.516814,0,1439.306607,0,202,1.000000,60,0.808290,0.18566600,0,60,0
2026-07-16,42,8,14217642040,268.868407,0,902.629652,0,141,1.000000,42,0.504544,0.18910900,0,42,0
2026-07-17,54,9,19929818318,368.051927,0,1329.076402,0,195,1.000000,54,0.602169,0.18467400,0,54,0
2026-07-18,51,9,22734915374,422.444283,259340788753,1441.280495,84,174,1.000000,51,1.484272,0.18581300,0,51,0
2026-07-19,80,9,35699607323,672.805509,466782236666,2480.970316,295,295,1.000000,80,2.188456,0.18846300,0,80,0
2026-07-20,76,9,24647647204,462.148315,566376900164,1562.791011,257,257,1.000000,76,0.626873,0.18750200,0,76,0
2026-07-21,113,10,54150765786,1038.046487,5970862357032,3665.314588,399,399,1.000000,112,1.552193,0.19137200,0,113,0
2026-07-22,110,9,47018850653,891.848857,844941879295,3194.440453,394,394,1.000000,110,1.778586,0.18967900,0,110,0
2026-07-23,69,10,31040083046,393.100740,626621686902,1834.470119,322,322,1.000000,63,0.485384,0.18377500,28,69,0
2026-07-24,59,9,10522654884,190.097022,1037689376923,650.840651,202,202,1.000000,59,0.426936,0.18065500,0,59,0
2026-07-25,10,7,3273932538,58.330674,187711176642,209.990426,36,36,1.000000,10,0.095533,0.17816700,0,10,0
2026-07-26,40,9,11891034034,212.497535,17151661955274,669.367234,126,126,1.000000,40,0.354063,0.17870400,0,40,0
2026-07-27,42,8,12666606418,227.032453,27101400093953,745.963776,138,138,1.000000,42,0.430856,0.17923700,0,42,0
2026-07-28,36,9,10079831023,173.301527,15554695030217,543.974237,113,113,1.000000,36,0.342421,0.17192900,0,36,0
2026-07-29,51,10,11774213781,203.451350,9821164542255,614.343291,154,154,1.000000,50,0.319091,0.17279400,0,51,0
2026-07-30,16,8,4813444378,82.890400,24892094047147,269.393801,52,52,1.000000,16,0.114704,0.17220600,0,16,0
2026-07-31,62,10,39127704195,789.802060,31106890840819,2496.793610,196,196,1.000000,60,0.482607,0.17095100,0,62,0
2026-08-01,27,8,4726317914,188.533733,27049824358448,649.393970,93,93,1.000000,27,0.307049,0.17111700,0,27,0
2026-08-02,55,9,25054660908,571.050621,29859993573130,1785.831034,172,172,1.000000,55,0.531723,0.17433500,0,55,0
2026-08-03,52,9,10370013607,481.840238,13803171993582,1575.246930,170,170,1.000000,52,0.495007,0.17154700,0,52,0
2026-08-04,42,9,13782624472,574.092795,17772451018126,1722.278385,126,126,1.000000,42,0.977021,0.17016100,0,42,0
2026-08-05,70,9,19402972662,645.247021,17640238197693,2000.265765,217,217,1.000000,70,0.727926,0.16683300,0,70,0
2026-08-06,95,9,21738868059,643.657056,47968160977607,2012.275216,297,297,1.000000,95,0.701036,0.16161900,0,95,0
2026-08-07,31,9,7376849389,458.222319,10714889332701,1419.011052,96,96,1.000000,31,0.621450,0.16116800,0,31,0
2026-08-08,10,5,1961069300,32.160556,5969245937093,102.913779,32,32,1.000000,10,0.086879,0.16399500,0,10,0
2026-08-09,10,7,2180242404,77.365864,536626350807,177.941486,23,23,1.000000,10,0.063522,0.16306300,0,10,0
2026-08-10,32,9,6112992149,245.929646,1315301813485,853.068459,111,111,1.000000,29,0.380632,0.16297300,1,32,0
2026-08-11,7,4,6470490294,123.052491,2876220704406,386.736401,22,22,1.000000,7,0.063896,0.16107500,0,7,0
2026-08-12,78,9,30074221524,1366.318238,5193069622304,3871.235008,221,221,1.000000,78,7.382624,0.16043100,0,78,0
2026-08-13,15,8,5427444976,99.565280,1917396022511,365.072694,55,55,1.000000,15,0.122961,0.16026100,0,15,0
2026-08-14,14,8,3750907048,76.462618,1302048439002,256.695931,42,47,1.000000,14,0.229036,0.15900900,0,14,20
2026-08-15,7,7,90628439191,54.259955,173679571206,155.028443,15,20,1.000000,6,0.083263,0.15841400,0,7,14
2026-08-16,14,8,17712771736,109.556891,1612551071132,367.798133,37,47,1.000000,13,0.164647,0.15717000,0,14,7
2026-08-17,24,8,6692009240,177.698886,312600140398,614.541979,73,83,1.000000,24,0.124120,0.15779400,0,24,32
2026-08-18,30,9,11904876952,211.420693,5529273417576,782.256565,96,111,1.000000,30,0.183847,0.15453800,0,30,49
2026-08-19,6,5,53088305631,96.251172,362684789332,320.837239,14,20,1.000000,5,0.110347,0.16027100,0,6,21
2026-08-20,192,9,131302156267,2773.080836,89567747770199,10037.974900,619,695,1.000000,192,2.374278,0.17662100,0,192,147
2026-08-21,109,9,53944323624,1475.275087,29969501894222,5400.318896,331,399,1.000000,109,1.173225,0.19021200,0,109,89
2026-08-22,122,11,102378301871,2287.581896,42959931874429,7950.284622,330,424,1.000000,119,2.037129,0.20182300,1,122,168
2026-08-23,72,9,32905033313,838.457071,21056717872731,3109.278303,216,267,1.000000,72,0.595354,0.19617100,0,72,67
2026-08-24,68,9,37773704514,911.282862,17694220287852,3310.100983,226,247,1.000000,68,1.150014,0.19500900,0,68,66
2026-08-25,215,9,207243112028,7627.217292,128320253483524,25435.882784,609,717,1.000000,215,118.287532,0.19237400,0,215,821
2026-08-26,40,9,14684545893,409.843040,6381262792919,1465.188870,109,143,1.000000,40,2.394481,0.18241000,0,40,104
2026-08-27,18,8,8807013743,196.455697,3897161505959,731.251763,51,67,1.000000,18,0.147859,0.18575100,0,18,52
2026-08-28,69,9,52296552378,1194.088583,25980796395256,4326.407908,198,250,1.000000,69,0.827789,0.18223200,0,69,125
2026-08-29,12,5,1683557550,58.948886,1236532295180,221.058324,41,45,1.000000,12,0.140420,0.17846600,0,12,40
2026-08-30,28,10,15210550103,296.677618,14534183735067,1112.541068,97,105,1.000000,26,0.407321,0.17999400,0,28,42
2026-08-31,18,9,9672871619,326.423970,1333601295367,1160.618559,46,64,1.000000,18,0.277551,0.17667900,0,18,29
2026-09-01,5,3,608890420,19.017436,66206623720,76.069746,20,20,1.000000,5,0.024334,0.17719800,0,5,7
2026-09-02,12,7,2832510308,78.230653,233580381109,260.768842,20,40,1.000000,12,0.086815,0.17413800,0,12,25
2026-09-03,44,10,186626961602,1677.369091,37907447544130,6328.256115,124,166,1.000000,43,0.909506,0.18072000,1,44,47
2026-09-04,33,8,69607699949,1505.099872,52437410627467,5564.308619,112,122,1.000000,33,31.932715,0.18178700,0,33,104
2026-09-05,10,7,14264065274,260.963927,7080746819999,835.084566,25,32,1.000000,10,0.056142,0.18295200,0,10,15
2026-09-06,36,9,35386109763,733.329241,31599097027978,2811.095422,111,138,1.000000,36,16.922894,0.18557500,0,36,244
2026-09-07,67,9,61567842481,1191.751448,78887024465001,4197.811069,202,236,1.000000,67,0.522724,0.19093900,0,67,87
2026-09-08,51,9,86742767679,1656.567821,39039171744586,5521.892737,154,170,1.000000,51,0.610556,0.19004100,0,51,52
2026-09-09,24,9,48175707204,899.960751,27543551491466,3262.357723,71,87,1.000000,24,0.335576,0.18680800,0,24,32
2026-09-10,8,5,14542603464,259.966488,6959711174746,942.378519,26,29,1.000000,8,0.077129,0.17876200,0,8,26
2026-09-11,21,9,13672110701,341.563609,19207676985287,1203.605097,67,74,1.000000,21,0.206623,0.17765400,0,21,43
2026-09-12,13,7,41200141930,744.659605,18638012396849,2749.512389,44,48,1.000000,13,0.187923,0.18074200,0,13,15
2026-09-13,25,8,33671174530,611.823732,11045074823284,2178.092484,57,89,1.000000,25,0.181907,0.17926800,0,25,32
2026-09-14,62,9,155404599450,2939.134668,72349956120005,10713.619918,168,226,1.000000,62,0.954417,0.18808300,0,62,106
2026-09-15,146,9,315705176856,6117.223429,132897977731053,20949.395306,425,500,1.000000,146,2.461629,0.18965700,0,146,152
2026-09-16,32,9,14577774354,257.478482,9326448110127,828.758863,92,103,1.000000,32,0.187156,0.17662400,0,32,26
2026-09-18,71,10,77989174979,1681.232244,37204748582198,5280.490007,174,223,1.000000,68,0.867511,0.18900100,0,71,41
2026-09-19,87,10,99777194981,2127.063888,35446418417521,6772.375828,218,277,1.000000,80,0.789785,0.19572800,0,87,94
2026-09-20,68,10,64682869659,1282.243305,22558175819996,4148.434221,193,220,1.000000,66,0.631943,0.19282900,0,68,58
2026-09-21,119,9,99321020664,2501.391365,91312692963523,8723.339634,347,415,1.000000,119,1.117430,0.20624200,0,119,148
2026-09-22,102,9,71869028387,1966.994114,46026202524255,6710.921094,272,348,1.000000,102,1.510564,0.21336000,0,102,96
2026-09-23,106,9,83215019934,1934.482710,40595551944207,6606.440953,288,362,1.000000,106,1.848934,0.21164100,0,106,174
2026-09-24,107,10,284929622088,1137.924748,22408520073415,3711.548944,284,349,1.000000,101,0.651379,0.20554000,1,107,137
2026-09-25,93,10,85519943188,887.403853,57380586696771,2919.844936,278,306,1.000000,92,0.703431,0.21955600,0,93,118
2026-09-26,53,10,38774093044,854.274788,19593334987563,2933.547386,166,182,1.000000,52,0.509558,0.21830500,0,53,68
2026-09-27,53,9,39131543307,865.556421,47406465511608,2890.631820,139,177,1.000000,53,0.787205,0.21612800,0,53,47
2026-09-28,208,10,446816947366,2681.965312,104046926079060,9090.315121,630,705,1.000000,201,1.755080,0.21844900,1,208,265
2026-09-29,146,10,83220463605,2049.469858,48921947278600,6906.432673,410,492,1.000000,145,1.239845,0.22697200,0,146,163
2026-09-30,67,10,389459849942,2075.705176,90435724959741,6289.076877,179,203,1.000000,59,0.507331,0.22488200,0,67,87
2026-10-01,50,9,19758839482,475.703775,122919048515273,1607.878759,132,169,1.000000,50,0.538618,0.22279100,0,50,52
2026-10-02,106,10,522461969775,1837.046581,78919363224803,6377.671149,327,368,1.000000,104,0.997035,0.22013700,0,106,86
2026-10-03,15,8,319700750853,151.099688,15428777542184,463.372378,34,46,1.000000,14,0.090157,0.21511700,0,15,1
2026-10-04,23,9,873837448675,206.444896,1825633371278,583.431229,60,65,1.000000,18,0.103928,0.21746200,0,23,17
2026-10-05,83,10,1046140917545,886.015020,73864585375367,2604.670660,199,244,1.000000,64,0.664392,0.21949700,1,83,60
2026-10-06,14,8,15905795570,552.034483,11544399142864,1734.965519,42,44,1.000000,13,0.195100,0.21472000,0,14,19
2026-10-07,39,9,8549808851,183.349519,30142699487377,578.256174,84,123,1.000000,39,0.231456,0.20515200,0,39,50
